Mail Address;GivenName;Surname;DisplayName;SamAccountName;UserPrincipalName;JobTitle;Department;OfficeNumber;Mobile Phone;Fax;Address;City;StateorProvince;Zip or Postal;CountryOrRegion;OU;Password
eugenia.clark@geds.web-connectivity.fr;Eugenia;Clark;Eugenia CLARK;eclark;eclark@scassi.lan;Analyste;IT;1002;33600000000;21721111111;209 Rue Jean Bart;Toulouse;;31670;FR;OU=FR,OU=Utilisateurs,OU=scassi,DC=scassi,DC=local;password
elisabeth.corner@geds.web-connectivity.fr;Elisabeth;Corner;Elisabeth CORNER;ecorner;ecorner@scassi.lan;Technicienne;IT;1003;33600000000;21721111111;210 Rue Jean Bart;Toulouse;;31670;FR;OU=FR,OU=Utilisateurs,OU=scassi,DC=scassi,DC=local;password
john.doe@geds.web-connectivity.fr;John;Doe;John DOE;jdoe;jdoe@scassi.lan;Technicien;IT;1004;33600000000;21721111111;211 Rue Jean Bart;Toulouse;;31670;FR;OU=FR,OU=Utilisateurs,OU=scassi,DC=scassi,DC=local;password
jeff.harris@geds.web-connectivity.fr;Jeff;Harris;Jeff HARRIS;jharris;jharris@scassi.lan;Pentester;IT;1005;33600000000;21721111111;212 Rue Jean Bart;Toulouse;;31670;FR;OU=FR,OU=Utilisateurs,OU=scassi,DC=scassi,DC=local;password
jane.white@geds.web-connectivity.fr;Jane;White;Jane WHITE;jwhite;jwhite@scassi.lan;Administratrice;IT;1006;33600000000;21721111111;213 Rue Jean Bart;Toulouse;;31670;FR;OU=FR,OU=Utilisateurs,OU=scassi,DC=scassi,DC=local;password
kate.fox@geds.web-connectivity.fr;Kate;Fox;Kate FOX;kfox;kfox@scassi.lan;Data Scientist;IT;1007;33600000000;21721111111;214 Rue Jean Bart;Toulouse;;31670;FR;OU=FR,OU=Utilisateurs,OU=scassi,DC=scassi,DC=local;password
lhall@geds.web-connectivity.fr;Lucy;Hall;Lucy HALL;lhall;lhall@scassi.lan;Product Owner;IT;1008;33600000000;21721111111;215 Rue Jean Bart;Toulouse;;31670;FR;OU=FR,OU=Utilisateurs,OU=scassi,DC=scassi,DC=local;password
ltompson@geds.web-connectivity.fr;Linda;Tompson;Linda TOMPSON;ltompson;ltompson@scassi.lan;Developpeur;Dev;1009;33600000000;21721111111;216 Rue Jean Bart;Toulouse;;31670;FR;OU=FR,OU=Utilisateurs,OU=scassi,DC=scassi,DC=local;password
manderson@geds.web-connectivity.fr;Michael;Anderson;Michael ANDERSON;manderson;manderson@scassi.lan;Developpeur;Dev;1010;33600000000;21721111111;217 Rue Jean Bart;Toulouse;;31670;FR;OU=FR,OU=Utilisateurs,OU=scassi,DC=scassi,DC=local;password
mjones@geds.web-connectivity.fr;Monica;Jones;Monica JONES;mjones;mjones@scassi.lan;Developpeur;Dev;1011;33600000000;21721111111;218 Rue Jean Bart;Toulouse;;31670;FR;OU=FR,OU=Utilisateurs,OU=scassi,DC=scassi,DC=local;password
msmith@geds.web-connectivity.fr;Marie;Smith;Marie SMITH;msmith;msmith@scassi.lan;Technicien;IT;1012;34600000000;12172551111;Calle del Poeta Joan Maragall, 55;Madrid;;31670;ES;OU=ES,OU=Utilisateurs,OU=scassi,DC=scassi,DC=local;password
pwalker@geds.web-connectivity.fr;Paul;Walker;Paul WALKER;pwalker;pwalker@scassi.lan;Pentester;IT;1013;34600000000;12172551111;Calle del Poeta Joan Maragall, 56;Madrid;;31670;ES;OU=ES,OU=Utilisateurs,OU=scassi,DC=scassi,DC=local;password
rwilliams@geds.web-connectivity.fr;Robert;Williams;Robert WILLIAMS;rwilliams;rwilliams@scassi.lan;Administratrice;IT;1014;34600000000;12172551111;Calle del Poeta Joan Maragall, 57;Madrid;;31670;ES;OU=ES,OU=Utilisateurs,OU=scassi,DC=scassi,DC=local;password
rshattuck@geds.web-connectivity.fr;Russel;Shattuck;Russel SHATTUCK;rshattuck;rshattuck@scassi.lan;Manager;IT;1015;34600000000;12172551111;Calle del Poeta Joan Maragall, 58;Madrid;;28020;ES;OU=ES,OU=Utilisateurs,OU=scassi,DC=scassi,DC=local;password
adurr@geds.web-connectivity.fr;Alicia;Durr;Alicia DURR;adurr;adurr@scassi.lan;Product Owner;IT;1016;34600000000;12172551111;Calle del Poeta Joan Maragall, 59;Madrid;;28020;ES;OU=ES,OU=Utilisateurs,OU=scassi,DC=scassi,DC=local;password
vgogins@geds.web-connectivity.fr;Vito;Gogins;Vito Gogins;vgogins;vgogins@scassi.lan;Data Scientist;IT;1017;34600000000;12172551111;Calle del Poeta Joan Maragall, 60;Madrid;;28020;ES;OU=ES,OU=Utilisateurs,OU=scassi,DC=scassi,DC=local;password
tshock@geds.web-connectivity.fr;Tarra;Shock;Tarra SHOCK;tshock;tshock@scassi.lan;Analyste;IT;1018;34600000000;12172551111;Calle del Poeta Joan Maragall, 61;Madrid;;28020;ES;OU=ES,OU=Utilisateurs,OU=scassi,DC=scassi,DC=local;password
tclemente@geds.web-connectivity.fr;Terri;Clemente;Terri CLEMENTE;tclemente;tclemente@scassi.lan;Developpeur;Dev;1019;34600000000;12172551111;Calle del Poeta Joan Maragall, 62;Madrid;;28020;ES;OU=ES,OU=Utilisateurs,OU=scassi,DC=scassi,DC=local;password
shipps@geds.web-connectivity.fr;Shaun;Hipps;Shaun HIPPS;shipps;shipps@scassi.lan;Developpeur;Dev;1020;34600000000;12172551111;Calle del Poeta Joan Maragall, 63;Madrid;;28020;ES;OU=ES,OU=Utilisateurs,OU=scassi,DC=scassi,DC=local;password
cson@geds.web-connectivity.fr;Chet;Son;Chet SON;cson;cson@scassi.lan;Developpeur;Dev;1021;34600000000;12172551111;Calle del Poeta Joan Maragall, 64;Madrid;;28020;ES;OU=ES,OU=Utilisateurs,OU=scassi,DC=scassi,DC=local;password
